{
    "1_a)2year_existing.tif": {
        "bounds": [
            -10779546.753386399,
            3849245.283299003,
            -10759750.996039856,
            3870962.958834531
        ]
    },
    "1_b)2year_climate_change.tif": {
        "bounds": [
            -10779546.753386399,
            3849245.283299003,
            -10759750.996039856,
            3870962.958834531
        ]
    },
    "1_c)2year_landuse_change.tif": {
        "bounds": [
            -10779546.753386399,
            3849245.283299003,
            -10759750.996039856,
            3870962.958834531
        ]
    },
    "1_d)2year_landuse_and_climate.tif": {
        "bounds": [
            -10779546.753386399,
            3849245.283299003,
            -10759750.996039856,
            3870962.958834531
        ]
    },
    "2_a)5year_existing.tif": {
        "bounds": [
            -10779546.753386399,
            3849245.283299003,
            -10759750.996039856,
            3870962.958834531
        ]
    },
    "2_b)5year_climate_change.tif": {
        "bounds": [
            -10779546.753386399,
            3849245.283299003,
            -10759750.996039856,
            3870962.958834531
        ]
    },
    "2_c)5year_landuse_change.tif": {
        "bounds": [
            -10779546.753386399,
            3849245.283299003,
            -10759750.996039856,
            3870962.958834531
        ]
    },
    "2_d)5year_landuse_and_climate.tif": {
        "bounds": [
            -10779546.753386399,
            3849245.283299003,
            -10759750.996039856,
            3870962.958834531
        ]
    },
    "3_a)10year_existing.tif": {
        "bounds": [
            -10779546.753386399,
            3849245.283299003,
            -10759750.996039856,
            3870962.958834531
        ]
    },
    "3_b)10year_climate_change.tif": {
        "bounds": [
            -10779546.753386399,
            3849245.283299003,
            -10759750.996039856,
            3870962.958834531
        ]
    },
    "3_c)10year_landuse_change.tif": {
        "bounds": [
            -10779546.753386399,
            3849245.283299003,
            -10759750.996039856,
            3870962.958834531
        ]
    },
    "3_d)10year_landuse_and_climate.tif": {
        "bounds": [
            -10779546.753386399,
            3849245.283299003,
            -10759750.996039856,
            3870962.958834531
        ]
    }
}